score,anomaly_pred
0.12909936581228443,1
0.13720869301767674,1
0.14096099926406636,1
0.14032685663702804,1
0.1435449141098432,1
0.14464921153930654,1
0.14523445775859495,1
0.1442970157886066,1
0.14114604328870478,1
0.14668082984008357,1
0.14114604328870478,1
0.1454716237305954,1
0.1463570991518382,1
0.14331837333552155,1
0.1496877020537249,1
0.14384346927698088,1
0.1461950204072805,1
0.14501521958775815,1
0.14617646105095344,1
0.14416886845621313,1
0.15052714890410612,1
0.15584546429352664,1
0.15596595257951484,1
0.15356310466634532,1
0.06606987335162617,1
0.06915533489703768,1
0.1017020475928101,1
0.10366429338071748,1
0.14432663955807412,1
0.15589494536894338,1
0.15141257710835831,1
0.1570675713485331,1
0.1445654259758561,1
0.14842104152002733,1
0.1593102574436851,1
0.157313133720617,1
0.15479397373230502,1
0.15252145442084125,1
0.07031548183393771,1
0.06845674334149754,1
0.15603168088278313,1
0.1544901237194939,1
0.10118168171195552,1
0.10118168171195552,1
0.1568655758402388,1
0.1560620241997816,1
0.1579333336829753,1
0.15603168088278313,1
0.15428266288058184,1
0.15180720252416025,1
0.15636533460304358,1
0.15686592967577656,1
0.15686592967577656,1
0.15142772062360033,1
0.15467364420822427,1
0.15256537203050502,1
0.1573241102251462,1
0.15603168088278313,1
0.15708815919202218,1
0.15686592967577656,1
0.14876591771163405,1
0.15708815919202218,1
0.15781919475234418,1
0.15690695844011154,1
0.1485906629731491,1
0.15603168088278313,1
0.1562544506971854,1
0.15541585867416646,1
0.14596685819682392,1
0.1559641706762377,1
0.15350075051982986,1
0.15515850812662285,1
0.1532681611720209,1
0.15292469653238377,1
0.15265832009495595,1
0.15432010814466357,1
0.15276673973629634,1
0.11612888848479264,1
0.1477190313496115,1
0.14863967815123919,1
0.1434538519911504,1
0.14529953050675992,1
0.15216302919233704,1
0.11556510513786628,1
0.12197138263250207,1
0.10547501684894839,1
0.1340253830270417,1
0.14841870832831405,1
0.15245159605981212,1
0.15245159605981212,1
0.1526539240914051,1
0.14071366568025873,1
0.15568032877190058,1
0.15539384903843068,1
0.15562422330824777,1
0.15539384903843068,1
0.1557344904918868,1
0.15572007157476264,1
0.1512012142530531,1
0.14560103760834964,1
0.15245159605981212,1
0.15240449686536883,1
0.15587010759421377,1
0.15143174615086813,1
0.15630375078625475,1
0.15553597303092287,1
0.14825611877198286,1
0.12486093696947648,1
0.12229573367238539,1
0.12393170227856604,1
0.15251952032568988,1
0.155553744263507,1
0.14708194074865,1
0.13178108854897314,1
0.15616932005042866,1
0.1578211017043461,1
0.14530578515040443,1
0.15079417964910274,1
0.1500226770058516,1
0.155634007984585,1
0.15437732734900994,1
0.15621590911128957,1
0.15621590911128957,1
0.15621590911128957,1
0.15073954970540865,1
0.15558734006542985,1
0.15616932005042866,1
0.07231290777970284,1
0.0648133066764694,1
0.0727267213105165,1
0.0692114079320178,1
0.10120541841505004,1
0.10142322667647108,1
0.06917605754421374,1
0.10142322667647108,1
0.10071191294495602,1
0.09929132255693529,1
0.06943344661083545,1
0.06838246617556065,1
0.06630754982475962,1
0.07116959893314406,1
0.16017948879563837,1
0.15869794012938154,1
0.15700013207351,1
0.15933734841022507,1
0.15385076078167975,1
0.15280980419351792,1
0.15217026883923274,1
0.15038680123370063,1
0.1500972898352803,1
0.15520075181870807,1
0.15641955835036303,1
0.1572222746740672,1
0.15825000165415748,1
0.15641955835036303,1
0.15700013207351,1
0.15431316786866295,1
0.1548618179520299,1
0.1534295197133667,1
0.15401514592976817,1
0.15416385498831758,1
0.1534295197133667,1
0.15416385498831758,1
0.15337783085319712,1
0.1574669161712421,1
0.15609872575891376,1
0.15712982139877463,1
0.15363626906524608,1
0.15587585502446855,1
0.15587585502446855,1
0.15529337831017426,1
0.15712982139877463,1
0.15699369259689244,1
0.15767742166106968,1
0.15699369259689244,1
0.15889205982372206,1
0.15699369259689244,1
0.15185815678897552,1
0.10029742045190532,1
0.15601445532103525,1
0.15436081251192757,1
0.15670298677902628,1
0.15689501395221278,1
0.15903978041506378,1
0.16020448169132928,1
0.16267102343996653,1
0.15900049428379898,1
0.15889812767414985,1
0.15834042998783288,1
0.15631026979401558,1
0.15624182010316018,1
0.1551982382315319,1
0.1568610639205958,1
0.15207950786747154,1
0.15432894840472222,1
0.15313262066934596,1
0.1568610639205958,1
0.15295445456304702,1
0.15207950786747154,1
0.15207950786747154,1
0.1455045410829191,1
0.15076450955314852,1
0.14474659828719327,1
0.15870171373788539,1
0.1564870847620855,1
0.1572976992416345,1
0.15662323382426568,1
0.15615211951377878,1
0.15306977473002004,1
0.157524572638843,1
0.15917709296464871,1
0.15766050590569675,1
0.15100744804699473,1
0.15410811582895545,1
0.15535789849920378,1
0.15542735935469293,1
0.15187040889766562,1
0.15612277232684152,1
0.15437938844476046,1
0.1571450464710516,1
0.1565636267728302,1
0.15704555668220965,1
0.15717385810725248,1
0.15529053105443263,1
0.15448459633449652,1
0.15525256284284666,1
0.15747515078581292,1
0.15213432384464814,1
0.15661160134997415,1
0.15318727072526006,1
0.1550081444449532,1
0.1500432661174616,1
0.15174168285757667,1
0.15252787740884122,1
0.15005404902974262,1
0.15691512654844864,1
0.15300913268959637,1
0.15605016521909215,1
0.15605016521909215,1
0.15542317361379088,1
0.15542317361379088,1
0.15103348305996345,1
0.15454745701599082,1
0.15174168285757667,1
0.1597048768411909,1
0.15857983900233347,1
0.15802162091765382,1
0.15691512654844864,1
0.15525256284284666,1
0.15438340997540667,1
0.14726969770129927,1
0.14325389140605516,1
0.14637325964564263,1
0.15398264603257156,1
0.1593699844978564,1
0.15525256284284666,1
0.1451851305027182,1
0.14872399531354252,1
0.14702173799696333,1
0.14349517930583494,1
0.14838608511853896,1
0.14766877682094337,1
0.14994673444022666,1
0.14796201002003656,1
0.1530382626940926,1
0.15426141149450634,1
0.1548760799455977,1
0.15646046790646773,1
0.15613440905293058,1
0.15262659619247648,1
0.1516348857986421,1
0.1488656132509067,1
0.14899895994520213,1
0.15160472965515154,1
0.15525256284284666,1
0.05931315855009478,1
0.1335080029794965,1
0.1100326013231368,1
0.11052245431991281,1
0.10952332070946352,1
0.09310869226637963,1
0.10369700332569648,1
0.11196215142005744,1
0.11676560506046102,1
0.11800388766352504,1
0.10215200826799387,1
0.12376874832580242,1
0.13145618562434985,1
0.13343090890056725,1
0.13449126236075837,1
0.13356891267322424,1
0.13284968433933164,1
0.1311956632801234,1
0.13261174669084902,1
0.13899286277239864,1
0.13630366210774592,1
0.13875890630919147,1
0.1397000569399,1
0.13899286277239864,1
0.1383880294039887,1
0.14220819415945268,1
0.14127359511158932,1
0.1480163097938456,1
0.15044549805320678,1
0.1524543329594799,1
0.1577372051833864,1
0.15896414566015954,1
0.15795887042126006,1
0.15691552515001123,1
0.15862891116821393,1
0.1553922918957767,1
0.15862891116821393,1
0.15538281541389776,1
0.1577372051833864,1
0.1577372051833864,1
0.15665076236806702,1
0.1556337032090998,1
0.15852069740153785,1
0.15922845144175085,1
0.1556337032090998,1
0.15716529710368377,1
0.15665076236806702,1
0.16025711885149385,1
0.15952923004698544,1
0.1595630971709523,1
0.15798637893853273,1
0.1595630971709523,1
0.15889284461534614,1
0.15748790418486147,1
0.15802300140124897,1
0.15513179950002304,1
0.15748790418486147,1
0.15873178697207685,1
0.15802300140124897,1
0.15748790418486147,1
0.15873178697207685,1
0.15513179950002304,1
0.15802300140124897,1
0.15434556729534277,1
0.1450094353367678,1
0.15627504799719938,1
0.15709826195975785,1
0.15543936261609131,1
0.15665516757479692,1
0.1489031193383969,1
0.12704289657691525,1
0.15953923439745787,1
0.15539031058763664,1
0.15868759007667643,1
0.15539031058763664,1
0.1574552884609401,1
0.15593727691694653,1
0.1512065544169674,1
0.15530083333019823,1
0.15842649043449092,1
0.1540756918036842,1
0.1549925222830732,1
0.13835579595624792,1
0.12766809299378512,1
0.12254860633798786,1
0.12008157196566516,1
0.15568202038793316,1
0.15347146565715875,1
0.15371854983435296,1
0.15358895527287386,1
0.14919523934021373,1
0.16039600632191015,1
0.15913612570252494,1
0.1562840711776069,1
0.15586996171728174,1
0.15734749570843115,1
0.15823026504767562,1
0.15769549214023498,1
0.1484907384353945,1
0.157239870016826,1
0.157239870016826,1
0.1548820591310317,1
0.15936722538914144,1
0.157239870016826,1
0.15848465357641134,1
0.1547174510702229,1
0.1596566915659714,1
0.1580661736620671,1
0.15889284461534614,1
0.16080327683545165,1
0.1574609139106723,1
0.15935362945825676,1
0.15731884701507132,1
0.15870357117271322,1
0.16199531437934844,1
0.15793605522469573,1
0.15793605522469573,1
0.15870357117271322,1
0.15870357117271322,1
0.15870357117271322,1
0.1613318811846915,1
0.16058942036017787,1
0.15804832652736617,1
0.1552297396231292,1
0.15804832652736617,1
0.16060286196758405,1
0.1599366956772298,1
0.1599366956772298,1
0.15868035364151095,1
0.15632428825739603,1
0.159434097475602,1
0.15868035364151095,1
0.15822456992429168,1
0.15822456992429168,1
0.15901553761572973,1
0.155647204779282,1
0.15868035364151095,1
0.15632428825739603,1
0.147440686981395,1
0.15023736407359412,1
0.147440686981395,1
0.1540427932548743,1
0.1540427932548743,1
0.156029372337611,1
0.1540427932548743,1
0.156029372337611,1
0.15649188876041492,1
0.15565719409194623,1
0.1560419659810094,1
0.1571773553203611,1
0.15869025496571454,1
0.15633425792858013,1
0.15434943969194176,1
0.1575300957588993,1
0.1537105722377065,1
0.13200842855409017,1
0.15927109479906132,1
0.15520033669526884,1
0.16189495161801593,1
0.15675526504786508,1
0.15925711439181783,1
0.1583980575166507,1
0.1576227812856716,1
0.15564040764469805,1
0.14843060122803492,1
0.14853951595592368,1
0.1469279461133831,1
0.14752156483722723,1
0.14752156483722723,1
0.1468084840479757,1
0.1472771614029295,1
0.146211326775257,1
0.13718424690876996,1
0.147070717699258,1
0.147070717699258,1
0.147070717699258,1
0.1493394733127293,1
0.14484053154452436,1
0.14889449390193432,1
0.14783558939097535,1
0.14649394349151834,1
0.14346202664798063,1
0.14320127416754136,1
0.15700020398604858,1
0.06633751295848589,1
0.0705979525176405,1
0.15596341756278237,1
0.15482400780059696,1
0.0985646478536305,1
0.09956227364415005,1
0.10247781935756939,1
0.11931084802247927,1
0.12273040768642446,1
0.09289374298680425,1
0.09485095284751383,1
0.09323109505465987,1
0.14281331776968814,1
0.1490765598342232,1
0.12377210398908678,1
0.12581373673141233,1
0.1495834420108237,1
0.15193776752875077,1
0.15537769021905323,1
0.10250284420152006,1
0.14172025017616413,1
0.15491919220903216,1
0.15110744359851452,1
0.15238912011433797,1
0.15357379496750023,1
0.15327318064482254,1
0.1175311414634449,1
0.11846916822529485,1
0.08619469054912732,1
0.11449793033179045,1
0.15079720024912668,1
0.14966169705056848,1
0.1524462473042409,1
0.1310259040296623,1
0.15300965443553693,1
0.15139215731032368,1
0.153711980619047,1
0.14994460499098589,1
0.15674836329686725,1
0.11969862382385071,1
0.05413732764096624,1
0.03393101011160948,1
0.09050134050637404,1
0.020167540276821383,1
0.0519724287656429,1
0.05526022953122128,1
0.12188087814096993,1
0.12116509867212044,1
0.12328335595900108,1
0.12132027202204687,1
0.10754282667644088,1
0.13818897195019636,1
0.12824669551375878,1
0.11132516454164026,1
0.11593088522329403,1
0.11571630294068913,1
0.13033231312867732,1
0.1172776086872162,1
0.13304261603123474,1
0.13974358399472536,1
0.14930959775308816,1
0.15012658399232648,1
0.10900504008956918,1
0.12255815348801807,1
0.12729316181813327,1
0.12638758801753147,1
0.15197315149578317,1
0.1324247256433606,1
0.1504568086928995,1
0.14046403849491423,1
0.15543736128018287,1
0.13927498081610568,1
0.11091480518479613,1
0.12851400481331093,1
0.1386489292503834,1
0.14073382503414522,1
0.14074887159589533,1
0.1417448633983988,1
0.1031486162454861,1
0.12261183079684185,1
0.12587320737343932,1
0.11587802226025962,1
0.1286602595917996,1
0.10576513516313057,1
0.10711924663278777,1
0.10826905811018828,1
0.1326292323398331,1
0.13200784663595228,1
0.13497296825814414,1
0.13530222594215263,1
0.13530222594215263,1
0.13655363370843,1
0.15753443338978618,1
0.15756440383109194,1
0.15836156055435346,1
0.15836156055435346,1
0.15836156055435346,1
0.14094397917775708,1
0.1542409639014929,1
0.1439311367246367,1
0.14990395231256504,1
0.15653829740167835,1
0.15836156055435346,1
0.1553813010586188,1
0.15665822625108028,1
0.1551475056504827,1
0.15314349348909856,1
0.15836156055435346,1
0.15836156055435346,1
0.15413175954804526,1
0.1409137990789991,1
0.14997687918894465,1
0.1502151580005066,1
0.145257240477016,1
0.1495123406376615,1
0.13264372739885727,1
0.1309749567011385,1
0.13638781888479118,1
0.1362821329764876,1
0.13096502693228945,1
0.1378937310894532,1
0.1540650176811999,1
0.13451080945655947,1
0.11981122366432628,1
0.13468020348958487,1
0.1239572883831832,1
0.12280388211715743,1
0.12080804134502632,1
0.1277341820658046,1
0.12655267074017224,1
0.12474278368936437,1
0.12896742477653345,1
0.14580340251807294,1
0.1430564803338904,1
0.15290511126411022,1
0.1536740628438495,1
0.1536740628438495,1
0.15134577674935012,1
0.1536740628438495,1
0.1532650108192415,1
0.1540650176811999,1
0.15760195562668122,1
0.15604813972655157,1
0.15761629572791186,1
0.15760195562668122,1
0.15686278124940073,1
0.13757407949867334,1
0.15769508583833325,1
0.15707295145053296,1
0.15790411096228962,1
0.15890509274251158,1
0.1589492275061717,1
0.15890509274251158,1
0.15890509274251158,1
0.15587795721521952,1
0.1572091914241434,1
0.15893494323229612,1
0.15952063566108,1
0.15952063566108,1
0.15953489540535076,1
0.1586495102730046,1
0.15779784739242786,1
0.15890509274251158,1
0.15595968560102785,1
0.1579117583970106,1
0.1579117583970106,1
0.1589492275061717,1
0.15893494323229612,1
0.15893494323229612,1
0.15893494323229612,1
0.15889247982864163,1
0.15890676588094294,1
0.15889247982864163,1
0.15889247982864163,1
0.15889247982864163,1
0.15889247982864163,1
0.15918185443724042,1
0.15511409068685006,1
0.15830986226851407,1
0.15918185443724042,1
0.15787970940114726,1
0.15786916760443187,1
0.15786916760443187,1
0.15786916760443187,1
0.15786916760443187,1
0.1578834965144572,1
0.15786916760443187,1
0.15786916760443187,1
0.15786916760443187,1
0.15786916760443187,1
0.15613802308840596,1
0.15786916760443187,1
0.15613802308840596,1
0.15889247982864163,1
0.15889247982864163,1
0.15889247982864163,1
0.15346083950691702,1
0.1537476574781788,1
0.15612708149970977,1
0.15264769247943294,1
0.1547984340778234,1
0.14876841811018687,1
0.1578653803325058,1
0.1578653803325058,1
0.13338542913869605,1
0.10910678177251282,1
0.10735275227581087,1
0.06459927043337055,1
0.10784532985232193,1
0.10929953628991829,1
0.1083096442905796,1
0.14379967906718488,1
0.15397565254670492,1
0.15290217403572415,1
0.15404338054062228,1
0.14732134149029535,1
0.14756119645315752,1
0.1442574777102434,1
0.14962555870815902,1
0.1482993950171948,1
0.14932639028818884,1
0.14922704139596427,1
0.14925773884818272,1
0.12112553474233045,1
0.1329628143440661,1
0.1482993950171948,1
0.14938710866304994,1
0.14934107698148286,1
0.14615796100675665,1
0.14719120944470782,1
0.13724320447456478,1
0.15405786967987406,1
0.15404338054062228,1
0.15404338054062228,1
0.14008105776752844,1
0.14008240385142873,1
0.14663205096225318,1
0.15245800570821377,1
0.15503303306908295,1
0.15100063570937727,1
0.15055591119158096,1
0.15073845696975569,1
0.15057441441321012,1
0.141035801644317,1
0.14130604957197213,1
0.14161206034503993,1
0.13989905132705077,1
0.15576315293144072,1
0.15576315293144072,1
0.14818158112610563,1
0.15131011107103343,1
0.15137048596894392,1
0.14227208095753158,1
0.1412427502923989,1
0.13765839249377926,1
0.129266060343312,1
0.1357224647645182,1
0.1491248447588822,1
0.13733659060856046,1
0.1409281600033549,1
0.14039765979838548,1
0.14275995508904787,1
0.1331902988038562,1
0.05605953007386133,1
0.05979762006555722,1
0.05702472239426798,1
0.05262396649950968,1
0.09004022361218955,1
0.09063588444201276,1
0.05889265135451843,1
0.10303605228412283,1
0.10969584903162666,1
0.1093546695213678,1
0.06577933101138994,1
0.06852225138035517,1
0.07091637876949614,1
0.06745883805564107,1
0.1104829289241484,1
0.1100874153791418,1
0.07167863336662583,1
0.11048724069788662,1
0.11035544890576793,1
0.10935599800240059,1
0.07235723236638414,1
0.07294864172258464,1
0.07294864172258464,1
0.07581880948432512,1
0.15809470929674135,1
0.1580803892329684,1
0.1580803892329684,1
0.1586486126046437,1
0.15866290887043988,1
0.15777525612269588,1
0.15777525612269588,1
0.15866290887043988,1
0.15777525612269588,1
0.15866290887043988,1
0.1589398280037882,1
0.1586486126046437,1
0.1088614697186649,1
0.10859674119603013,1
0.06012585322418851,1
0.10814075343046331,1
0.10814075343046331,1
0.10518510733035213,1
0.1485435459601086,1
0.14164821824804769,1
0.13498409732266053,1
0.1406428063798021,1
0.14285144594592591,1
0.14165555271613078,1
0.14297358169480529,1
0.14285144594592591,1
0.14268369898654043,1
0.1285017292422308,1
0.14266873346141767,1
0.14285144594592591,1
0.14285144594592591,1
0.14285144594592591,1
0.1407340261359521,1
0.13577404439453977,1
0.1281663097326225,1
0.14946798548508194,1
0.14948654631286645,1
0.14947186571228332,1
0.13102399983221646,1
0.13070624163154548,1
0.11987826424782339,1
0.13228716634146787,1
0.1408774391514856,1
0.13511510423135448,1
0.13542503315734272,1
0.13542503315734272,1
0.1264834565738867,1
0.12516347142002804,1
0.1182921562434211,1
0.1430474144883574,1
0.1430474144883574,1
0.14069371679116593,1
0.1405052539221021,1
0.1408774391514856,1
0.14451414363085557,1
0.1495325588983903,1
0.14947186571228332,1
0.14069371679116593,1
0.13666010836207892,1
0.1405052539221021,1
0.14285539941515835,1
0.13511906626572867,1
0.12742982357710497,1
0.10899770976378981,1
0.13511106507968745,1
0.13084661135350273,1
0.13070624163154548,1
0.11727417560163195,1
0.12307437052166037,1
0.13134710978150343,1
0.14948654631286645,1
0.1495325588983903,1
0.14944118700074693,1
0.13618609171730994,1
0.12993768137095807,1
0.13930356695305868,1
0.14015259950682268,1
0.1418658197508627,1
0.134366867988157,1
0.1353731321555235,1
0.13133627214380644,1
0.14983946101958412,1
0.14948654631286645,1
0.14945586888619666,1
0.14265638183746743,1
0.14054470920337075,1
0.14781150534134546,1
0.14268765964003238,1
0.14744208881562315,1
0.14094779980603545,1
0.14099493328948715,1
0.13927684914579325,1
0.1300167333449696,1
0.12643099691906806,1
0.1264636983445207,1
0.1412567211973737,1
0.14083130954565465,1
0.14821867931251503,1
0.1480709056563222,1
0.1485614803712504,1
0.11782918337316561,1
0.13408187115269893,1
0.13095142520288,1
0.14097371911904538,1
0.14097371911904538,1
0.1495325588983903,1
0.1495325588983903,1
0.13310800796846028,1
0.1495325588983903,1
0.14948654631286645,1
0.14947186571228332,1
0.14261634221924063,1
0.1416343775827234,1
0.13514504023957807,1
0.1308868141837296,1
0.13411389401535312,1
0.1426476181984439,1
0.14060273526265293,1
0.13747516845723834,1
0.052312439204129424,1
0.05229368864777584,1
0.05941450771399204,1
0.059097847144512494,1
0.09120565421398241,1
0.09006072609690091,1
0.05062384607632542,1
0.08952725921635835,1
0.09689893499707508,1
0.09689893499707508,1
0.14008507918581953,1
0.11714010343144443,1
0.1260623659545167,1
0.1344511913921051,1
0.053159114690485454,1
0.05463685162724652,1
0.06756337116388056,1
0.06898696030619289,1
0.15136826099680556,1
0.15212501851688365,1
0.151619550936545,1
0.15148708007680378,1
0.15197031802612193,1
0.151619550936545,1
0.15409237130295572,1
0.153295307989261,1
0.15374374295754462,1
0.153295307989261,1
0.153295307989261,1
0.153295307989261,1
0.15374374295754462,1
0.15480065996270265,1
0.15471498959012359,1
0.15576255568759267,1
0.15505624066960805,1
0.15418512914588117,1
0.15984452969861723,1
0.1590593727922403,1
0.1615499570339748,1
0.1608100096275989,1
0.1615499570339748,1
0.16127515715912777,1
0.1608100096275989,1
0.16127515715912777,1
0.1615499570339748,1
0.16205603185563733,1
0.16088101254066534,1
0.1613171908717882,1
0.16141670355496307,1
0.1625898667447639,1
0.16231591121035738,1
0.16266590121335545,1
0.16186220923281186,1
0.16232591383246497,1
0.16231591121035738,1
0.16231591121035738,1
0.16141670355496307,1
0.16185219287479125,1
0.1609258329560037,1
0.1605079749529345,1
0.15992674890611885,1
0.16066862315732683,1
0.16066862315732683,1
0.14832692246149143,1
0.16068416688303322,1
0.16007732285574172,1
0.16149575843389108,1
0.16075569253406424,1
0.16075569253406424,1
0.1612629549970745,1
0.15802067900598138,1
0.15993682229818124,1
0.16037344528468345,1
0.16037344528468345,1
0.16037344528468345,1
0.15919588672286134,1
0.15881570833257114,1
0.15918692722882244,1
0.1601319254506423,1
0.16061668744422647,1
0.16061668744422647,1
0.16047412185021148,1
0.15404086606054845,1
0.15404086606054845,1
0.15255902770431728,1
0.15290061627868579,1
0.15290061627868579,1
0.1534523026259199,1
0.15407097391343105,1
0.15269465145941313,1
0.15441046074123893,1
0.1540621529871804,1
0.1540621529871804,1
0.1535871003330826,1
0.1538873289455951,1
0.15302350314325142,1
0.15302350314325142,1
0.1536530379188445,1
0.1465538292966867,1
0.1536530379188445,1
0.15384820311934166,1
0.15302350314325142,1
0.1536530379188445,1
0.1539935509108284,1
0.15212747032781226,1
0.1514075986398744,1
0.1519660574670329,1
0.15258738206089406,1
0.15407097391343105,1
0.1531709279715327,1
0.1543389783031182,1
0.1543389783031182,1
0.15455557244293988,1
0.1535871003330826,1
0.15341203621766414,1
0.1538873289455951,1
0.1538873289455951,1
0.15423581272135756,1
0.15438099775708186,1
0.15341203621766414,1
0.15438099775708186,1
0.15341203621766414,1
0.15423581272135756,1
0.15251341530360085,1
0.15275480937542407,1
0.15203623587455362,1
0.15255902770431728,1
0.15290061627868579,1
0.15251341530360085,1
0.15218002375666834,1
0.15251341530360085,1
0.15290061627868579,1
0.15275480937542407,1
0.15206064795248048,1
0.1525834031047616,1
0.1525834031047616,1
0.1527791710404226,1
0.14550640504939572,1
0.15206064795248048,1
0.1527791710404226,1
0.1525377939040723,1
0.1527791710404226,1
0.1527791710404226,1
0.15292496771431613,1
0.15214749338094158,1
0.15076751791519355,1
0.15215147732954037,1
0.1515293731487668,1
0.1522588813208633,1
0.1536242644577695,1
0.1536242644577695,1
0.15314861048146916,1
0.15315244996585492,1
0.15048252627639946,1
0.15165460498519168,1
0.1493944431259589,1
0.15383439870355153,1
0.15294642869916542,1
0.15218281851824972,1
0.15349975182599274,1
0.0206457031760221,1
0.07033024641552121,1
0.07959856014083327,1
0.07228701923264558,1
0.08360793986539683,1
0.08458791811673833,1
0.028538634836795973,1
-0.007374154959932433,-1
0.062097055172180116,1
0.018302342442667208,1
0.061200028990457234,1
0.05797096456365031,1
0.06215298658272006,1
0.09789513672399491,1
0.1044239136769819,1
0.09774632344532747,1
0.08990983104734451,1
0.08877398716037233,1
0.013457765702031,1
0.02015010195669903,1
0.021032045737201188,1
0.02607743102744725,1
0.06221213421188532,1
0.06663028678424099,1
0.024286077411392992,1
0.06816054749761546,1
0.0670680885219479,1
0.060412252577721204,1
0.027878152275674306,1
0.026689151884752516,1
0.027492684463898076,1
0.02939527393978736,1
0.06608893746161054,1
0.06333648753585469,1
0.03040791815150129,1
0.06348156876783728,1
0.06106176203968855,1
0.06016852993246952,1
0.019930214879384955,1
0.021774970364273838,1
0.016376662469714087,1
0.021222206406776023,1
0.05495331756419558,1
0.05437304874453969,1
0.02226745324529772,1
0.018468898468088135,1
0.054741856974312,1
0.05385176214241133,1
0.02875302016542669,1
0.05862878828248841,1
0.0591661368891066,1
0.06957014247966176,1
0.0345431741617957,1
0.03502776766218457,1
0.03756409879238792,1
0.040216042539488406,1
0.07734958335107539,1
0.07143949842706077,1
0.04307066848385882,1
0.07901119183034194,1
0.0838940168235543,1
0.084819035140075,1
0.051874273504613155,1
0.053599456710300086,1
0.0554822663560679,1
0.04982063339311571,1
0.07540786619730322,1
0.07622193609683531,1
0.07357156148590188,1
0.09335294685623008,1
0.09443581696803632,1
0.094147135316351,1
0.15180436070206976,1
0.1520021384291429,1
0.1482406474369889,1
0.15202729082296312,1
0.15182952739075745,1
0.15701375708170018,1
0.15665001525980088,1
0.15821661714905821,1
0.1611736101736636,1
0.16065935380248897,1
0.16093047782286407,1
0.15761723673764289,1
0.157037748162831,1
0.16072291845203585,1
0.16096619963484315,1
0.16023273704513485,1
0.16051995610869035,1
0.1611325456670018,1
0.16128880651044386,1
0.15966680602311728,1
0.15966680602311728,1
0.15953184311211482,1
0.15925697866470706,1
0.15919716666051736,1
0.16051995610869035,1
0.1611325456670018,1
0.1611325456670018,1
0.16009847870134225,1
0.15960960416812486,1
0.15927500415478973,1
0.1597531077401853,1
0.16015386876807863,1
0.15883345346933114,1
0.15662114573184965,1
0.15662114573184965,1
0.15933463646896429,1
0.1593527040067353,1
0.1599036278254365,1
0.1599036278254365,1
0.1609071666557701,1
0.1605072939488198,1
0.1603726643426467,1
0.1603726643426467,1
0.16141939327182847,1
0.16116685283543514,1
0.15972449352291007,1
0.1610022383114127,1
0.16019377708929872,1
0.16246222654438192,1
0.16216191650744288,1
0.15290417728211614,1
0.16231770268046825,1
0.16255984031125126,1
0.07421377490588715,1
0.08282456526155535,1
0.0823886770238016,1
0.07638649143440868,1
0.09078197420509504,1
0.09717858854274652,1
0.07882359814572099,1
0.09685499056839347,1
0.09988833950998693,1
0.10017524258512217,1
0.16216191650744288,1
0.16110027429754814,1
0.16056607637446502,1
0.1568992553572643,1
0.1598034507498255,1
0.15994687259902524,1
0.15994687259902524,1
0.15942935745822484,1
0.15942935745822484,1
0.1606308146291875,1
0.159458583807835,1
0.15902774205574666,1
0.15902774205574666,1
0.15942935745822484,1
0.1610305418468595,1
0.1610305418468595,1
0.1610305418468595,1
0.07455227096641837,1
0.07410773937269916,1
0.07410773937269916,1
0.07747108727586421,1
0.09249337290147358,1
0.09304168347625125,1
0.07986904961459929,1
0.09651449731024325,1
0.09719108026009304,1
0.09685499056839347,1
0.1599496669706103,1
0.1598034507498255,1
0.16056607637446502,1
0.16096587984432348,1
0.16096587984432348,1
0.1599496669706103,1
0.16056607637446502,1
0.1598034507498255,1
0.1598034507498255,1
0.1504946829373176,1
0.15943575799326798,1
0.15902774205574666,1
0.15942935745822484,1
0.15902774205574666,1
0.15875247064088693,1
0.15875247064088693,1
0.15942935745822484,1
0.1602041524810236,1
0.16049766257722559,1
0.14979311211319346,1
0.14319081909908216,1
0.15035475833952783,1
0.15061618444794017,1
0.15035475833952783,1
0.16042670844050488,1
0.16056607637446502,1
0.16096587984432348,1
0.1598034507498255,1
0.15994687259902524,1
0.15994687259902524,1
0.11163223087626079,1
0.15551839216562063,1
0.160123522419032,1
0.1610305418468595,1
0.1606308146291875,1
0.15875247064088693,1
0.15875247064088693,1
0.16194427360939512,1
0.16154562390312233,1
0.16194427360939512,1
0.15869257007835808,1
0.15875247064088693,1
0.15902774205574666,1
0.15961260411684636,1
0.15943575799326798,1
0.16056607637446502,1
0.16056607637446502,1
0.1607006293113511,1
0.16110027429754814,1
0.1607006293113511,1
0.1607006293113511,1
0.1607006293113511,1
0.1607006293113511,1
0.1606024777170066,1
0.15541410570192665,1
0.15999898084384678,1
0.1614995950085722,1
0.16095570971491152,1
0.16108426972972206,1
0.16093763402701694,1
0.16068460587025724,1
0.15856845898479,1
0.15932834628153908,1
0.15932834628153908,1
0.15897970006494705,1
0.15897970006494705,1
0.15876552642266456,1
0.1583631282023647,1
0.15192056205431104,1
0.16058264628194824,1
0.07476660002858992,1
0.07476660002858992,1
0.07404550187795117,1
0.07939893083870464,1
0.09217880889104052,1
0.0951809567226744,1
0.0779523822497949,1
0.09485226944743169,1
0.09606767078314993,1
0.09490020234242125,1
0.16095570971491152,1
0.16093763402701694,1
0.16062243290851586,1
0.16093763402701694,1
0.16034271051926596,1
0.1576735359906059,1
0.1576735359906059,1
0.15862266242395373,1
0.1590247549509356,1
0.06358083477532145,1
0.07198554555273196,1
0.07661102666586661,1
0.07767529215417623,1
0.09619177289632136,1
0.09067498690014864,1
0.07834739940426394,1
0.09955436735225431,1
0.09992426237804647,1
0.09696650440458027,1
0.16086780498092806,1
0.16019377708929872,1
0.16246222654438192,1
0.16206418763026348,1
0.1614532822529836,1
0.16206418763026348,1
0.16130492789793088,1
0.16130492789793088,1
0.16144771674650327,1
0.16144771674650327,1
0.16111492357760548,1
0.16144771674650327,1
0.1598485029599997,1
0.1598485029599997,1
0.16024915162628978,1
0.1589291065331504,1
0.15356545192059978,1
0.15774208977126902,1
0.15687530370527597,1
0.15935581387044256,1
0.15617565360382302,1
0.16060074089452542,1
0.16100050353465412,1
0.16060074089452542,1
0.1593376528862644,1
0.1593376528862644,1
0.16148874306022348,1
0.16108955617293153,1
0.16000327604786035,1
0.16124583683997873,1
0.16124583683997873,1
0.16108955617293153,1
0.16148874306022348,1
0.16124583683997873,1
0.15402752049036644,1
0.1597875150846782,1
0.15801898187133995,1
0.15768281829379077,1
0.1592687945161088,1
0.15967012599407804,1
0.15694327564995952,1
0.1592687945161088,1
0.1592687945161088,1
0.15899371770608944,1
0.1592687945161088,1
0.15952658742338205,1
0.15971571290215802,1
0.1601165179756961,1
0.1570172063044411,1
0.1570172063044411,1
0.15956663111837655,1
0.1601837348515066,1
0.16180701215659427,1
0.1619629619855048,1
0.1614464114199693,1
0.1614464114199693,1
0.1615615150080582,1
0.1618028217176593,1
0.15887762907789393,1
0.16104508090809533,1
0.16088870762441237,1
0.16104508090809533,1
0.16038180091510124,1
0.16060551376348342,1
0.15800187329419224,1
0.15928685325582137,1
0.15928685325582137,1
0.15901179102486146,1
0.15928685325582137,1
0.15901179102486146,1
0.15928685325582137,1
0.1602052853345987,1
0.1602052853345987,1
0.1618028217176593,1
0.15795560847332996,1
0.16128813108189077,1
0.0750467618641869,1
0.07541148785020674,1
0.07379187936705961,1
0.07098779899027613,1
0.094967908837715,1
0.09411285789342999,1
0.07397173600815637,1
0.09511853257419572,1
0.09508689782866098,1
0.09516059237968294,1
0.15323815061158108,1
0.1563458861933099,1
0.15885608693158942,1
0.15158120272384062,1
0.1617211904338785,1
0.15885608693158942,1
0.16132227765842677,1
0.15574462201772588,1
0.16006187487828438,1
0.16080954478854625,1
0.16080954478854625,1
0.16080954478854625,1
0.16108888271969313,1
0.16108888271969313,1
0.15781144112517959,1
0.15781144112517959,1
0.15781144112517959,1
0.1583545646232412,1
0.1575378230859858,1
0.15708520042409108,1
0.15781144112517959,1
0.1580058067856489,1
0.1583545646232412,1
0.15781144112517959,1
0.1583545646232412,1
0.15842683638962318,1
0.15570217194940622,1
0.16080954478854625,1
0.1601276850225063,1
0.1612090614882561,1
0.16132227765842677,1
0.1617211904338785,1
0.16006187487828438,1
0.1583243875777664,1
0.1625653701875216,1
0.15891423456101827,1
0.15763370977662955,1
0.1580015522872401,1
0.15866948094540428,1
0.15891423456101827,1
0.16125432437418097,1
0.16232323652482333,1
0.1621674529047788,1
0.15983367107700547,1
0.15922081043617026,1
0.15892344904488792,1
0.15922081043617026,1
0.16019284560830943,1
0.15891712106275074,1
0.1595806320742415,1
0.15891712106275074,1
0.16252416324453028,1
0.16092668038083546,1
0.15460031049525913,1
0.16019284560830943,1
0.1595806320742415,1
0.16292166037471434,1
0.16267978237589992,1
0.1620197012294694,1
0.1595806320742415,1
0.1595806320742415,1
0.16001653620404732,1
0.15940400502215446,1
0.15940400502215446,1
0.16001653620404732,1
0.1605561597634882,1
0.15197755252931677,1
0.15979351185863128,1
0.15954938918783967,1
0.15994900948825957,1
0.15836266131455873,1
0.15927437990616133,1
0.16176803862205374,1
0.16161199886730138,1
0.16161199886730138,1
0.15798919601626515,1
0.16161199886730138,1
0.16161199886730138,1
0.16161199886730138,1
0.16161199886730138,1
0.16252416324453028,1
0.16161199886730138,1
0.16161199886730138,1
0.16161199886730138,1
0.16127936718592056,1
0.16201057039358346,1
0.16161199886730138,1
0.16201057039358346,1
0.15866051161843037,1
0.15866051161843037,1
0.15856215434671034,1
0.15799520720118243,1
0.15711183899157166,1
0.15917619952112455,1
0.1589316338842468,1
0.15856215434671034,1
0.1521890519436579,1
0.16176803862205374,1
0.16201057039358346,1
0.16201057039358346,1
0.15454232145767693,1
0.16201057039358346,1
0.16161199886730138,1
0.16176803862205374,1
0.16176803862205374,1
0.16176803862205374,1
0.15813267164914918,1
0.16176803862205374,1
0.15798919601626515,1
0.16292166037471434,1
0.16271949902692978,1
0.16202821886692237,1
0.15192056157452616,1
0.1628338707788809,1
0.1628338707788809,1
0.15927861042590385,1
0.15851309217782616,1
0.1615633749391947,1
0.16199598789741076,1
0.16247299450754393,1
0.16247299450754393,1
0.16196063122684612,1
0.16196063122684612,1
0.16247299450754393,1
0.15958132701745392,1
0.15740382626970778,1
0.1610469436773601,1
0.1610469436773601,1
0.16071375655294567,1
0.1610469436773601,1
0.16162834224723827,1
0.15958132701745392,1
0.16247299450754393,1
0.15939827048049976,1
0.15922154880985184,1
0.15976243417750707,1
0.1622705640742509,1
0.16202821886692237,1
0.16175789350578285,1
0.1628338707788809,1
0.16232205530546162,1
0.15873695590982395,1
0.15728738305407214,1
0.15817029901696872,1
0.16232205530546162,1
0.16207634033773327,1
0.16207634033773327,1
0.16183385576087794,1
0.16207634033773327,1
0.16175789350578285,1
0.16175789350578285,1
0.16175789350578285,1
0.16232205530546162,1
0.16232205530546162,1
0.16259192978470532,1
0.1628338707788809,1
0.16207634033773327,1
0.16183385576087794,1
0.15958132701745392,1
0.1618966150231656,1
0.15969642915734933,1
0.15177463612088593,1
0.16318919881985117,1
0.16318919881985117,1
0.16318919881985117,1
0.15898835516336918,1
0.15898835516336918,1
0.15571440927986424,1
0.16243109611423756,1
0.16282870286387635,1
0.16258675816134932,1
0.16282870286387635,1
0.16243109611423756,1
0.15611853107264229,1
0.1593886340044945,1
0.15994008280487543,1
0.16243109611423756,1
0.1620992695964369,1
0.16243109611423756,1
0.16262648576520694,1
0.16222864055255554,1
0.16279201718239295,1
0.16279201718239295,1
0.16294751279915015,1
0.16282870286387635,1
0.16243109611423756,1
0.1593886340044945,1
0.15882305920327106,1
0.15846799459656702,1
0.1590822091088005,1
0.15846799459656702,1
0.16118595677298542,1
0.16191736162763098,1
0.16118595677298542,1
0.16191736162763098,1
0.16282870286387635,1
0.16258675816134932,1
0.16282870286387635,1
0.16235219895496256,1
0.16258675816134932,1
0.16235219895496256,1
0.1620992695964369,1
0.16243109611423756,1
0.16243109611423756,1
0.1615186801856035,1
0.1615186801856035,1
0.16243109611423756,1
0.16243109611423756,1
0.15912045965061367,1
0.16238439595733967,1
0.1586425493800504,1
0.1592119073339478,1
0.1592119073339478,1
0.08112143983141051,1
0.07846722405800832,1
0.0805145703423289,1
0.08020791371846592,1
0.09932807618460332,1
0.10028583834304411,1
0.08298710177153445,1
0.1002453970334084,1
0.09964293361853577,1
0.09934801832034362,1
0.16243246671455136,1
0.16260780924484536,1
0.16279201718239295,1
0.16318919881985117,1
0.1625909388869038,1
0.15858972029500906,1
0.16241952367798385,1
0.16183680551998114,1
0.16217728535990517,1
0.16217728535990517,1
0.15858972029500906,1
0.1611829082344141,1
0.1616610622994884,1
0.1595579113981797,1
0.1604374050814461,1
0.159664691696368,1
0.14952230847402387,1
0.1497843569965373,1
0.15025225066269565,1
0.1499905522411738,1
0.14869010679208383,1
0.14981163314254275,1
0.1500734653400126,1
0.1500734653400126,1
0.14619365882711344,1
0.14934315001684606,1
0.14960533249427338,1
0.1476006781104287,1
0.1503488243457824,1
0.15008719818542732,1
0.14985222126134073,1
0.1493656123088435,1
0.14644042833946797,1
0.14895079189648364,1
0.14734830385311143,1
0.14734830385311143,1
0.15026597649169132,1
0.16056361438653,1
0.15973592280285837,1
0.16016333654811604,1
0.15026597649169132,1
0.15032905773560684,1
0.15008719818542732,1
0.14658347520286996,1
0.15008719818542732,1
0.15008719818542732,1
0.1503488243457824,1
0.15008719818542732,1
0.14959389589392508,1
0.14896655436987283,1
0.14896655436987283,1
0.14829256026096688,1
0.14677149007707657,1
0.14858657249687235,1
0.1453585737670015,1
0.1503488243457824,1
0.15008719818542732,1
0.15008719818542732,1
0.15764827380420338,1
0.15304397244741202,1
0.1598344627138017,1
0.14896655436987283,1
0.14896655436987283,1
0.14922901842394615,1
0.14936882004509755,1
0.15009908190512766,1
0.14963098332931185,1
0.14934361423679637,1
0.15009908190512766,1
0.15993951624141522,1
0.1596310982255464,1
0.1596310982255464,1
0.14887450499389931,1
0.14934361423679637,1
0.14934361423679637,1
0.14934361423679637,1
0.14734897277419157,1
0.15917190147835264,1
0.15857387979189758,1
0.15875488138968397,1
0.1599421714078833,1
0.1599421714078833,1
0.1485260161305379,1
0.1492212575363775,1
0.14717930376049543,1
0.14963575835061355,1
0.14963575835061355,1
0.1494099764260905,1
0.15006556802107518,1
0.14980372991444396,1
0.15006556802107518,1
0.14974055390047913,1
0.14842339343889455,1
0.14842339343889455,1
0.1486125415793242,1
0.14974055390047913,1
0.14243941270288563,1
0.14974055390047913,1
0.14883883705632245,1
0.14733040241316814,1
0.147747137573142,1
0.15994355211375172,1
0.15616077830005998,1
0.15616077830005998,1
0.15681642264068885,1
0.15498250166178024,1
0.14648030154812292,1
0.14424831376606795,1
0.1453852653791839,1
0.14648030154812292,1
0.14648030154812292,1
0.14648030154812292,1
0.14648030154812292,1
0.1458605100462133,1
0.15615289587889541,1
0.15617122664503547,1
0.15617122664503547,1
0.14613117471341486,1
0.14310286074068046,1
0.15925134138323066,1
0.15925134138323066,1
0.1588495160566173,1
0.15855432085148097,1
0.1588495160566173,1
0.15925134138323066,1
0.1588495160566173,1
0.1585141688850329,1
0.14890759095534534,1
0.14890759095534534,1
0.14917009909575007,1
0.14868133978477382,1
0.14890759095534534,1
0.14841262566967245,1
0.1467600819942848,1
0.14788900621343654,1
0.14841262566967245,1
0.14841262566967245,1
0.1482448513084892,1
0.15899599582864976,1
0.15839138601684127,1
0.14873494408784216,1
0.14873494408784216,1
0.14873494408784216,1
0.14899758131451307,1
0.14873494408784216,1
0.14873494408784216,1
0.15824535659595196,1
0.15790941554226606,1
0.15869488505555246,1
0.1590300547595786,1
0.1590300547595786,1
0.14873494408784216,1
0.14873494408784216,1
0.14899758131451307,1
0.14831937755912666,1
0.14873494408784216,1
0.14552872833555153,1
0.14831937755912666,1
0.14831937755912666,1
0.1491548227558938,1
0.14873975296751063,1
0.1491548227558938,1
0.14478828165187296,1
0.14873975296751063,1
0.1491548227558938,1
0.14873975296751063,1
0.1491548227558938,1
0.15799824415953195,1
0.1593980817678317,1
0.1593980817678317,1
0.15890598626078928,1
0.15890598626078928,1
0.15964231293474668,1
0.15964231293474668,1
0.15924094865843363,1
0.149214680415526,1
0.14895220563305134,1
0.1596155694713185,1
0.15924094865843363,1
0.15964231293474668,1
0.15924094865843363,1
0.15780073421420565,1
0.15912153470734797,1
0.15785393595679875,1
0.15708151887724975,1
0.15924094865843363,1
0.15964231293474668,1
0.15924094865843363,1
0.15924094865843363,1
0.15964231293474668,1
0.15964231293474668,1
0.15924094865843363,1
0.15890598626078928,1
0.16044958571648232,1
0.16044958571648232,1
0.160849526395282,1
0.15964231293474668,1
0.15964231293474668,1
0.1593980817678317,1
0.1593980817678317,1
0.1593980817678317,1
0.1593980817678317,1
0.15924094865843363,1
0.15924094865843363,1
0.15782762845108295,1
0.15757613514828206,1
0.1581636498216289,1
0.15964231293474668,1
0.15924094865843363,1
0.15890598626078928,1
0.1581636498216289,1
0.15890598626078928,1
0.1582782497296878,1
0.16044958571648232,1
0.15937610794706109,1
0.1601158113957658,1
0.15672902707129083,1
0.16078650008413675,1
0.16044958571648232,1
0.16044958571648232,1
0.15937610794706109,1
0.1590674926052283,1
0.15937610794706109,1
0.15106842696129325,1
0.07978646428596309,1
0.08023994103752752,1
0.07978646428596309,1
0.07878023289557035,1
0.09656382093677413,1
0.09701694593428406,1
0.07826505045643295,1
0.09730590796377664,1
0.09696000481685474,1
0.09668974936532443,1
0.15645643416916105,1
0.1569812840129141,1
0.1527787769993043,1
0.15172843671190384,1
0.15624701475406533,1
0.1569812840129141,1
0.1569812840129141,1
0.07978646428596309,1
0.0789463764027844,1
0.0789463764027844,1
0.07926376603534374,1
0.15624701475406533,1
0.11314433305302335,1
-0.025275096600963165,-1
0.011164517120193285,1
0.048770715052961544,1
0.05604966366005004,1
0.06874620860161523,1
0.023683772043886997,1
0.04935605573355939,1
0.013147161415116126,1
0.009192426597531056,1
-0.005441024942105743,-1
-0.012897441252215147,-1
0.005296607926779828,1
-0.010794579617248279,-1
-0.022633997021857866,-1
-0.03951752500302108,-1
0.012074031145292485,1
0.01345461842289275,1
0.018475218601203103,1
0.022977542886979008,1
0.03296101128200807,1
0.030382443059036868,1
0.03279404678981951,1
0.0293994237558457,1
0.04383313597789362,1
0.043923873391300716,1
0.11019730683778928,1
0.10971911705982418,1
0.09784229323883026,1
0.10971911705982418,1
0.10971911705982418,1
0.11100201499920753,1
0.11094472955968054,1
0.08874294820260059,1
0.10918664330949812,1
0.1111140728187971,1
0.1111140728187971,1
0.08282192697156693,1
0.09648113495678556,1
0.11584449380260536,1
0.11695626178444213,1
0.11446948738250534,1
0.1147226484626826,1
0.11549933389156442,1
0.1046471783776608,1
0.11481709605663887,1
0.11566622565012208,1
0.11415984159053255,1
0.11566622565012208,1
0.11441320600160215,1
0.11433301477679791,1
0.11434208507803706,1
0.11468676927274835,1
0.10123296911388663,1
0.11407711262403947,1
0.11366057631997295,1
0.10431257894167856,1
0.05923029975262256,1
0.053088531309265385,1
0.058632629824541926,1
0.0671114239810216,1
0.07237475725465808,1
0.0719377712937267,1
0.0677184948760165,1
0.07129588010336485,1
0.06911930468255767,1
0.07800369493398251,1
0.077394510397921,1
0.09221531709744385,1
0.0921843563678435,1
0.09235324453414828,1
0.09208810346202029,1
0.09222607392694865,1
0.091979816755561,1
0.0915394302828415,1
0.09468659934249096,1
0.09418938183099973,1
0.0986522331013574,1
0.09845731281287246,1
0.1049393907561213,1
0.10631821994708757,1
0.10374234466098681,1
0.08093559727160116,1
0.08723485123402225,1
0.0983907958425671,1
0.10413207112575285,1
0.10079383889603033,1
0.09995026858951783,1
0.10220362584993226,1
0.10518566358240294,1
-0.08342851034542886,-1
-0.09116983362478448,-1
-0.09159447906441232,-1
-0.11986371864701018,-1
-0.08252010533186127,-1
-0.11196242139728063,-1
-0.11793314719390091,-1
-0.1504252895547864,-1
-0.14790318002199265,-1
-0.07735592979490258,-1
-0.09275920530778625,-1
-0.05542940059957313,-1
-0.08462520336440882,-1
-0.14305653075640368,-1
-0.14197876079689653,-1
-0.0799245749412244,-1
-0.035830121793615555,-1
-0.10996062894489411,-1
-0.09865880599800814,-1
-0.01574455483545989,-1
-0.14089343555841594,-1
-0.06150336887541763,-1
-0.022156452608543042,-1
-0.101457119222369,-1
-0.04461727341416388,-1
-0.015872313654230474,-1
-0.04285176349173869,-1
-0.11350681834236553,-1
-0.11913485096178489,-1
-0.1413015503774363,-1
-0.022823712916745453,-1
-0.0047609624149228535,-1
-0.07751414062966122,-1
-0.0729836112833363,-1
-0.0722843281484492,-1
0.028469200914689186,1
-0.09351887262732417,-1
-0.13109556800715405,-1
-0.061153450817244104,-1
-0.018061003785838525,-1
-0.00434651341064507,-1
-0.02664202492623735,-1
-0.03795489606639835,-1
-0.09088527071253305,-1
0.010129792657907977,1
-0.041721945819410244,-1
-0.11553917939512204,-1
-0.13350464046316335,-1
-0.1282973743465441,-1
-0.10620899574207598,-1
-0.09562025950213593,-1
-0.107649427512156,-1
-0.04817787977925403,-1
-0.10962907230885599,-1
-0.06268518174405113,-1
-0.012862924297624034,-1
-0.09683846136791563,-1
-0.0129429818345147,-1
-0.03852917042842552,-1
-0.1367882569820268,-1
0.04866446935228719,1
-0.10196538682957601,-1
-0.09828978987050818,-1
-0.011012557809291335,-1
-0.058632637551489175,-1
-0.1515738033560211,-1
-0.06189261972493432,-1
-0.07290148341368485,-1
-0.0005648034744394348,-1
-0.10993576022195983,-1
0.0630634286396039,1
-0.08902698872868509,-1
-0.1263466105320148,-1
-0.09583768021549355,-1
-0.09050144012886996,-1
-0.04698962761624392,-1
-0.11718938710266169,-1
-0.06654303378786375,-1
-0.113091486300536,-1
-0.015036077234755085,-1
-0.11093130670273055,-1
-0.06507801312925166,-1
0.01633763116064474,1
0.031616062579184645,1
-0.02078420517663626,-1
-0.11071335465804,-1
-0.11357142276022714,-1
-0.12766710204752751,-1
-0.10665614470199059,-1
0.017996194091896733,1
-0.019713068620084484,-1
-0.1161189741942743,-1
-0.10765218522710063,-1
-0.035244337225384115,-1
-0.08236717917823133,-1
-0.074937291534097,-1
-0.07618734046130726,-1
-0.04234066163566297,-1
0.0071358578696281705,1
-0.12175908403295232,-1
-0.094085063492102,-1
-0.042549827602155976,-1
-0.07835851821250839,-1
-0.029989236257166985,-1
-0.0845000614141197,-1
-0.10949931410848579,-1
-0.13308249701687913,-1
-0.1063327609971737,-1
-0.030430028517625662,-1
-0.10232681847964886,-1
-0.1455602142373873,-1
-0.05714103665146342,-1
-0.09627206008482292,-1
-0.1242772507209754,-1
-0.04818740511216968,-1
-0.0953826083251289,-1
-0.02665603753169321,-1
-0.081244430966394,-1
-0.13066862953131209,-1
-0.032577042996667416,-1
-0.0938443548064094,-1
-0.12834228885176702,-1
-0.09630231690420077,-1
0.010530325052852063,1
-0.008819521587902446,-1
-0.07300609194329166,-1
-0.07784239060634612,-1
-0.15723043130079006,-1
-0.11539958158981001,-1
-0.14033726129408985,-1
-0.07478905294442473,-1
-0.0819389816089362,-1
-0.04172462233074081,-1
-0.10412972565773859,-1
-0.10362372562973421,-1
-0.09133130429526481,-1
-0.038514843236951424,-1
-0.04198097469581674,-1
-0.05579543557501532,-1
0.0232508342801927,1
-0.0564814298524553,-1
-0.004763738135332263,-1
-0.10421438303040131,-1
0.008632570792305505,1
-0.12187353253677469,-1
-0.09308044027176243,-1
-0.1467418211419238,-1
-0.04674203057873594,-1
-0.0987596693589532,-1
-0.05156476753772621,-1
-0.089469718046705,-1
-0.032069050184286074,-1
-0.09195087491684084,-1
-0.11992606035664999,-1
-0.14238918371834808,-1
-0.10750390450418135,-1
-0.0722425129662505,-1
-0.13843851952728004,-1
-0.01834200666658481,-1
-0.08461440016138677,-1
-0.1023372969577826,-1
-0.0814993502657071,-1
-0.12617519032428637,-1
-0.10694203996064588,-1
-0.08889337091426863,-1
-0.10388788260731507,-1
-0.009834540796169411,-1
-0.15335292708949777,-1
-0.03267715212623423,-1
0.027771669348075678,1
-0.048771775568237974,-1
-0.1146896614178804,-1
-0.03015440837918071,-1
-0.06802152821663365,-1
-0.10637935518764552,-1
-0.025458167891089678,-1
0.0014881054819285144,1
-0.02269430338585876,-1
-0.10866096895602362,-1
-0.10499317147520526,-1
-0.07604009428146419,-1
-0.12709236831099735,-1
-0.06809190205653304,-1
-0.10207191446407093,-1
-0.09732795228212798,-1
-0.07105163458314434,-1
-0.0030735305248014155,-1
0.006620653545785393,1
-0.12749918941460514,-1
-0.11289015171706296,-1
-0.10807324412032915,-1
-0.13030956704832852,-1
-0.08235218322492954,-1
-0.06376070830663594,-1
-0.06169812417059328,-1
-0.08555363031661511,-1
-0.024936537778471823,-1
0.029987246853377558,1
-0.08427421858246276,-1
-0.02093240448718925,-1
0.006191589595630154,1
-0.12181732302767734,-1
-0.11579915875899427,-1
-0.1182916797351714,-1
-0.105975886372497,-1
-0.083110438927679,-1
-0.049196928517242,-1
-0.10098667838576403,-1
-0.12050496028182678,-1
-0.10962183590389718,-1
-0.04264097686566548,-1
-0.064078596407936,-1
-0.1166513502925931,-1
-0.11823882256407714,-1
-0.0816773494992683,-1
-0.07597748856901498,-1
-0.1186088735618609,-1
-0.05208678262498989,-1
-0.10427398397905019,-1
-0.06755011669905131,-1
-0.04856378546455309,-1
-0.09419377180022881,-1
-0.06823530575690329,-1
-0.006700253607183959,-1
-0.13762709185819977,-1
-0.006821226359842503,-1
-0.09321725212993981,-1
-0.05363527759078823,-1
-0.10325246170719704,-1
-0.16769142508322255,-1
0.0035851234773702223,1
-0.1276552445094189,-1
-0.08397550911221296,-1
-0.13189114282814018,-1
-0.055226797274217865,-1
-0.028900007332017585,-1
-0.06133754518808732,-1
-0.077406658287828,-1
-0.05405150577813722,-1
-0.06351753269418758,-1
-0.03062822769636775,-1
-0.010226596928820997,-1
-0.10871138989123552,-1
-0.12658937282058758,-1
-0.06243832085471879,-1
-0.07310046417417093,-1
-0.1301810600244786,-1
-0.05978350147627842,-1
0.02264577880355423,1
-0.04999389320794789,-1
-0.02231145110359911,-1
-0.10421194723900906,-1
-0.08340900259742212,-1
-0.09283942548507229,-1
0.05491515699031768,1
-0.04730538394025818,-1
-0.09962540091708183,-1
-0.11259518577149352,-1
-0.12587490654636457,-1
0.010512226245106004,1
-0.11418771012065831,-1
-0.09133048729261006,-1
-0.039030570474587245,-1
-0.07327515713714694,-1
0.01015181907637236,1
-0.08909072422965436,-1
-0.1098188103611284,-1
0.02940908361055261,1
-0.13000088132901766,-1
-0.06478176283344284,-1
-0.09351857757064819,-1
-0.004060908903176785,-1
-0.1380025775893141,-1
-0.009829004093906857,-1
-0.06385132835935137,-1
-0.05498613420568832,-1
-0.03198992465910888,-1
-0.08202784239490712,-1
-0.00650503989490725,-1
-0.09571675634117427,-1
-0.10346441763419212,-1
-0.08724437557094378,-1
-0.051128269706072094,-1
-0.0566451606619649,-1
-0.04534232174627506,-1
-0.09359839389284808,-1
-0.03332831034135919,-1
-0.10001426429469018,-1
-0.07361550207812506,-1
-0.13771481615698122,-1
-0.10726144791269498,-1
-0.08468843784565994,-1
-0.11454046771351223,-1
-0.144457439388756,-1
-0.04052003440283791,-1
-0.0933198493998616,-1
-0.1208881117727425,-1
-0.10016355914940633,-1
-0.011936344342671212,-1
-0.022820015188332432,-1
-0.13272139064232646,-1
-0.09445655752705506,-1
-0.11997122892166057,-1
-0.09375000047486304,-1
-0.09872883078823236,-1
-0.13433007810407271,-1
-0.06856029082451798,-1
-0.09972817896405917,-1
-0.1039230174461111,-1
-0.09585693714975596,-1
-0.06443906595668869,-1
-0.089288685616285,-1
-0.08752437667004664,-1
-0.08334799999995524,-1
-0.07999836892534773,-1
-0.11242019852228591,-1
-0.05117023721067915,-1
0.007403956318274563,1
-0.08391676054239794,-1
-0.017207967881686104,-1
-0.04734334237872495,-1
-0.03583438446717968,-1
-0.07814305600121452,-1
-0.07039236838854845,-1
-0.10106493742881006,-1
-0.1227145102076741,-1
-0.049591802762654735,-1
-0.12453814359170756,-1
-0.08020481384480149,-1
-0.030753698929798956,-1
-0.1340487463600516,-1
-0.01729973259955464,-1
-0.07733011266075462,-1
-0.07618761487161518,-1
0.00044673210138707065,1
-0.009253906876044105,-1
-0.12978782982028103,-1
-0.12580519325018513,-1
-0.10431515536511093,-1
-0.107316589052452,-1
-0.10440062047319032,-1
-0.1133134974234733,-1
-0.04558053565335152,-1
-0.057428910738840044,-1
-0.009687981415163471,-1
-0.1233277234972312,-1
-0.0702422305482211,-1
-0.12347812954772452,-1
-0.03607823694705503,-1
-0.0717027427847271,-1
-0.020577273222391,-1
-0.039758652508769754,-1
-0.07931291340877167,-1
-0.07123029836334327,-1
-0.04241401368596931,-1
-0.059043527416177466,-1
-0.05306461623524772,-1
-0.14312097034975035,-1
-0.014520133786533274,-1
-0.02655212126620554,-1
-0.12773346318871004,-1
-0.11436763969168029,-1
-0.05811362362962491,-1
-0.10368770417114381,-1
-0.0015377091688221212,-1
-0.025766334776832434,-1
-0.13434646956325302,-1
-0.04183895560763873,-1
-0.07051673834884675,-1
-0.08348008212913294,-1
-0.010736710128872451,-1
-0.11547505185279239,-1
-0.05756286928216392,-1
-0.047672664524019415,-1
0.016451689845421502,1
-0.07073229034642325,-1
-0.15297238943558744,-1
0.011231857724196714,1
-0.11724762406134559,-1
-0.12569164841373348,-1
-0.008717671049156106,-1
-0.026537796838709937,-1
-0.06528838966686668,-1
-0.07215999241163995,-1
-0.014474458466232631,-1
-0.1376285288283361,-1
-0.12784649928949343,-1
-0.06140482690955551,-1
-0.11981063776547685,-1
-0.08493345871617075,-1
-0.04544405716490829,-1
-0.047687729513051114,-1
-0.14003146258538823,-1
-0.010764150223566582,-1
-0.059503291006428705,-1
-0.02238322360016365,-1
-0.0923480546999006,-1
-0.134604412953943,-1
-0.1514173739503779,-1
-0.144569211504889,-1
-0.042291173152544714,-1
-0.08032048736789443,-1
-0.11201553838721812,-1
-0.0968987652068164,-1
-0.06611200605706391,-1
-0.10838533171602682,-1
-0.11775523713808833,-1
0.004413488316421743,1
0.020008453336364862,1
-0.11079387843226929,-1
-0.12611277722954495,-1
-0.09722824411213749,-1
-0.09902771895098983,-1
-0.07781378384110194,-1
-0.11139298791939589,-1
-0.12648044729809815,-1
-0.0633974068780554,-1
-0.09531480169019635,-1
-0.08628914792903042,-1
-0.11573967564664023,-1
-0.07240126278242087,-1
-0.10756155464771433,-1
-0.08612720510068383,-1
-0.09395824507258066,-1
-0.11789422169479202,-1
-0.05516618919535354,-1
-0.059423105271455445,-1
-0.04953628159833867,-1
-0.13878402966211723,-1
0.0014730075909134555,1
-0.034022324908927315,-1
-0.0279267340855065,-1
-0.06377939169457525,-1
-0.09426886241005927,-1
-0.03753945667520786,-1
-0.053569994083539574,-1
-0.07157327575138772,-1
-0.06465790570065544,-1
-0.1403223245910068,-1
-0.11439975807021363,-1
-0.02823092588918219,-1
-0.09752805476005233,-1
-0.11297238038105473,-1
-0.11321967649367459,-1
-0.09557107418839339,-1
-0.11093775421101693,-1
-0.06658446542797514,-1
-0.024850676356454104,-1
-0.08776105761882358,-1
-0.07834341754667562,-1
-0.09386308257021492,-1
-0.12095993361279589,-1
-0.02740014897128007,-1
0.014564508411582133,1
-0.027418989966711216,-1
-0.09544527891925159,-1
-0.10467828369748988,-1
-0.13420886873268323,-1
-0.00010824233051642818,-1
-0.10834535389842237,-1
-0.006789062650201738,-1
-0.06490191404605827,-1
-0.08534238206260103,-1
-0.12398106281121801,-1
0.010538736342157684,1
-0.026626300349033794,-1
-0.017505009992749843,-1
-0.08299638615388216,-1
-0.12113370966227799,-1
-0.06671860387050244,-1
-0.12351130600588023,-1
-0.02155766513840407,-1
-0.12263261551230176,-1
-0.053461877914027345,-1
-0.04048592517675287,-1
-0.11508196496493239,-1
-0.10930155243673434,-1
-0.10452742194422382,-1
-0.08653015489084503,-1
-0.10073924215911634,-1
-0.10260463782591256,-1
-0.06735203792322464,-1
-0.03549705020845828,-1
-0.021691946137412432,-1
-0.0795850343654877,-1
-0.016882287276584695,-1
-0.020722743123423593,-1
-0.01761259656280123,-1
-0.03609562688448065,-1
-0.08550350920655014,-1
-0.09448787250306823,-1
-0.14987461403558844,-1
-0.08065147423368668,-1
-0.0357941169768653,-1
-0.10391987788357426,-1
-0.02443381089770169,-1
-0.0599667260146266,-1
-0.0721599746961521,-1
-0.11906699549805522,-1
-0.09175669207193982,-1
-0.10462652911777881,-1
-0.07272736453114281,-1
0.021822085507335998,1
-0.09834665338612802,-1
-0.1254122240580532,-1
-0.07490212177550204,-1
-0.11405123498549385,-1
0.0016159357852096878,1
-0.1230674095051092,-1
-0.14906738502305883,-1
-0.014118447826952374,-1
-0.13673665347561548,-1
-0.04118317284609718,-1
-0.0388511398894551,-1
-0.05538479917029504,-1
-0.09649265646188177,-1
-0.06739415320836728,-1
-0.0002719676055832343,-1
-0.07751549215469478,-1
-0.07548461433006459,-1
-0.06679330911600845,-1
-0.06745818612388532,-1
-0.1120985854157972,-1
-0.043146158697733306,-1
-0.1253398249075096,-1
-0.16713384143551713,-1
-0.12589056283582722,-1
-0.0016490423608863658,-1
-0.08926372004351202,-1
-0.012430864564805688,-1
-0.09895658303303145,-1
-0.07060003131964088,-1
-0.10442729639599369,-1
-0.050270746119368104,-1
-0.12678909774929492,-1
-0.07020218889448826,-1
-0.07254343577147282,-1
-0.05251581931727256,-1
-0.10669420284581876,-1
-0.10795110263558583,-1
-0.07733388192199941,-1
-0.06906392386107174,-1
-0.023549558355169697,-1
-0.12407952609435802,-1
-0.04182416601224692,-1
-0.10471611331788444,-1
-0.07946477333740365,-1
-0.1253328142365896,-1
-0.13845383461464855,-1
-0.054672940197833864,-1
-0.04492936464483299,-1
-0.0778049532036843,-1
-0.09032920386509136,-1
-0.03995993430818823,-1
-0.09065738566711135,-1
-0.14059069377604916,-1
-0.05384121494973215,-1
-0.06340157161588922,-1
-0.06405665495301338,-1
0.053443311262013904,1
-0.04841460865037217,-1
-0.1082135389677229,-1
-0.1188379318870113,-1
-0.08312839969324248,-1
-0.082921416833583,-1
-0.08527886487702818,-1
-0.11929803617245627,-1
-0.038311972755761814,-1
-0.04400152264314294,-1
-0.07995919806603213,-1
-0.06124227193697873,-1
-0.06332474495472717,-1
-0.11792693438346213,-1
-0.05097591942302515,-1
-0.05185820247285744,-1
-0.1321087513121978,-1
-0.03484289813457131,-1
-0.09790283756758478,-1
-0.07215068201993002,-1
-0.05947202404059104,-1
-0.06163975549050138,-1
-0.057364115251949066,-1
-0.08157175303634612,-1
-0.048642763742386186,-1
-0.10477697564234878,-1
-0.10916466326790986,-1
-0.14836676398983584,-1
-0.13518793335240575,-1
-0.055801160216255696,-1
-0.08076218829128867,-1
-0.03302601784667292,-1
-0.10398972167306675,-1
-0.14544478920620418,-1
-0.09256538290573191,-1
-0.08915148502807813,-1
-0.047201484065610755,-1
-0.03134861735005667,-1
-0.1008202380978388,-1
-0.08469680784162004,-1
-0.0947829029334788,-1
-0.06416493152011138,-1
-0.06180059014029271,-1
-0.054970281062776016,-1
0.03747637345042071,1
-0.09475158474514822,-1
-0.10829159457332216,-1
-0.015711057818389662,-1
-0.005566439712218929,-1
-0.08699465089768543,-1
-0.10922231437455499,-1
-0.03500026853698268,-1
0.009386298760691525,1
-0.07971954609985799,-1
-0.08735216936030255,-1
-0.12422186839989446,-1
-0.10507122262959678,-1
-0.12510048954925845,-1
-0.10470744192041892,-1
-0.09118076812547649,-1
-0.057804819563453735,-1
-0.11236837466552396,-1
0.01577379524316841,1
-0.08734296758752924,-1
-0.05647613310374522,-1
-0.07987347627016483,-1
-0.10037785940783384,-1
-0.02061290834252505,-1
-0.11874791165246423,-1
-0.08908416992936241,-1
-0.08973893884052686,-1
-0.1141606369607503,-1
-0.11696509847324299,-1
-0.03690730492943772,-1
-0.07350610767526022,-1
-0.12111554108884748,-1
-0.08927817326241227,-1
-0.05452762021726243,-1
-0.114383464461286,-1
-0.09900905510701619,-1
-0.11794088592571006,-1
-0.03486628486361887,-1
0.023451577738463347,1
-0.0531530855196255,-1
-0.13261568465651608,-1
-0.08491503483829954,-1
-0.11628013198363707,-1
-0.06812030705666205,-1
-0.11129440675696112,-1
-0.07920305346286349,-1
-0.0691064161923357,-1
-0.06800419676436686,-1
-0.11594743401266683,-1
-0.11847873495052164,-1
-0.12206274947487261,-1
-0.1073373829908032,-1
-0.12316910804123171,-1
-0.1527611805745993,-1
-0.10679842864823241,-1
-0.07299614083940864,-1
-0.09668011136045429,-1
-0.06262364941712095,-1
-0.10336528019331159,-1
-0.09322938484596843,-1
-0.07640193721328459,-1
-0.05579533775646417,-1
-0.016200553165379383,-1
-0.12094612786646597,-1
-0.027056640224326967,-1
-0.10581705149541087,-1
-0.12388028101483517,-1
-0.11765151431251986,-1
-0.07317295320465156,-1
-0.10413076201246962,-1
-0.089135740678559,-1
-0.02099072319948181,-1
-0.07703468427108162,-1
-0.03305854068617198,-1
-0.1381233530773489,-1
-0.12569630241663265,-1
0.019916515296430404,1
-0.10095540813737014,-1
-0.1030167529593119,-1
-0.1383354297209921,-1
-0.08289998703457513,-1
-0.12228832762263653,-1
-0.05163137117955496,-1
-0.09289414578838207,-1
-0.1115295246672181,-1
-0.02562528504620043,-1
-0.030159582378921246,-1
-0.12350670957280241,-1
-0.08762450105827502,-1
-0.11822287810626098,-1
-0.14954338378265664,-1
-0.10917800523702326,-1
-0.06734570994114464,-1
-0.08480411993480264,-1
-0.02732383439494368,-1
-0.10541924217863552,-1
-0.05707715109694722,-1
-0.09737627685526162,-1
-0.12190348719561694,-1
-0.09374318887494693,-1
-0.0856425168841568,-1
-0.07441605043135802,-1
-0.10643924146214212,-1
-0.05156140887721661,-1
0.03331900868039278,1
-0.10966626871210738,-1
-0.1005222410008001,-1
-0.14375946430740172,-1
-0.09328650317140941,-1
-0.012459221185692426,-1
-0.13511824016464424,-1
-0.03177152351692358,-1
0.003779765070297425,1
-0.03379851570475201,-1
-0.12402457971471093,-1
-0.09083041521318047,-1
-0.09742160830863333,-1
-0.08909117842786896,-1
-0.01407353020253621,-1
-0.09131948817385838,-1
-0.015185984382347972,-1
-0.07344981175454168,-1
-0.11173737658495508,-1
-0.06721920965348649,-1
-0.030792535829460954,-1
-0.04164115725976236,-1
-0.14109835693249895,-1
-0.04096229910628546,-1
-0.07952905269706512,-1
-0.10567598664731381,-1
-0.08689090434652469,-1
-0.15669982778505276,-1
-0.07608960168607337,-1
-0.09852945132128021,-1
0.010688517386341023,1
-0.0698453543092098,-1
-0.12522116806370243,-1
-0.11159928663392937,-1
-0.09636717904135106,-1
-0.11942828879030765,-1
-0.10648878058766065,-1
0.003917780505185264,1
-0.12589449445830303,-1
-0.06469293266954113,-1
-0.09565305098035326,-1
-0.1355876092962276,-1
-0.09494638732482719,-1
-0.14994498264023437,-1
-0.13013045719874528,-1
-0.07380799059217735,-1
-0.048208036345129934,-1
-0.10271210715127799,-1
-0.13952178578022256,-1
-0.06278760848489617,-1
-0.11260241129611526,-1
-0.09512232490888728,-1
-0.0757104692384104,-1
-0.05469515073064757,-1
-0.11282910478173525,-1
0.03916063632538058,1
-0.10599793726051121,-1
-0.10540499800602132,-1
-0.1123928979068366,-1
-0.07012168947524533,-1
-0.11178869555425608,-1
-0.07952441550663891,-1
-0.03812230953992124,-1
-0.1042899919724577,-1
-0.12653643250154278,-1
-0.03055509896305908,-1
-0.11061877804181575,-1
-0.09413999802873163,-1
-0.15147677879395716,-1
-0.13508439997141042,-1
-0.0232581392648169,-1
-0.0352978492346776,-1
-0.07600491227393458,-1
-0.10268029631321118,-1
-0.0847139481699356,-1
-0.04201788741332835,-1
-0.058853180438722674,-1
-0.0266573094703062,-1
-0.03321565799105808,-1
-0.13119909984012512,-1
-0.11015004197796541,-1
-0.0940309167753196,-1
-0.03492911869948789,-1
-0.09853317780850135,-1
-0.12183831904732179,-1
-0.10759512810839533,-1
-0.09783358263088482,-1
-0.13266385374709933,-1
-0.07812799896484235,-1
-0.1410174893396945,-1
-0.0699891271019707,-1
-0.12109075176506112,-1
-0.08888846056980115,-1
-0.07827812316546057,-1
-0.10603446202374767,-1
-0.08241766243877913,-1
-0.12085479791978582,-1
-0.0620274631009039,-1
-0.0436226635414253,-1
-0.07913472456998272,-1
-0.07756412226758658,-1
-0.0818156218398165,-1
-0.002426567697841553,-1
-0.12702033081683695,-1
-0.06740176953727384,-1
-0.16521804970682552,-1
-0.11956068659490238,-1
-0.13444731527702236,-1
-0.12604377670520261,-1
-0.11314192945092272,-1
-0.1068122260034633,-1
-0.004593346310634128,-1
-0.08347894007805101,-1
-0.054799309289232045,-1
-0.09464501484713128,-1
-0.11467187448163119,-1
-0.1379550722597146,-1
-0.10343825618714952,-1
-0.1056078583897474,-1
-0.10233199315351194,-1
-0.0015246562597632796,-1
-0.060765929724200696,-1
-0.08078924520233566,-1
-0.018687742045982225,-1
-0.10256750245111856,-1
-0.10598823506372224,-1
-0.051864283798869315,-1
-0.06909247707192678,-1
-0.09159229349293296,-1
-0.11499564188052791,-1
-0.1393994998463517,-1
-0.09486816168342316,-1
-0.10039513000388256,-1
-0.09614925997208668,-1
-0.16140913103356913,-1
-0.08790708430038985,-1
-0.02362653134248427,-1
-0.09422521083848312,-1
-0.10745969084248308,-1
-0.08020174092339738,-1
-0.11310484289138834,-1
-0.17321397387466708,-1
-0.07084465617365387,-1
-0.0688560855138487,-1
-0.08558003255778146,-1
-0.13535720271447838,-1
0.03206702079239232,1
-0.055357921998021586,-1
-0.0721098266927711,-1
-0.08461022276517882,-1
-0.012954663064234428,-1
-0.14776410146054997,-1
-0.0894102184574953,-1
-0.052309206420842136,-1
-0.045920399877800944,-1
-0.08003917379616654,-1
-0.09898529512442344,-1
-0.026848801060010863,-1
-0.09550256015469416,-1
-0.10508991908640597,-1
-0.010941899834295055,-1
0.01665699986988317,1
-0.11250691859399298,-1
-0.1295818625985098,-1
-0.04926775730559019,-1
-0.132330994359649,-1
-0.1277251585891701,-1
-0.07212562302407932,-1
-0.062340686927686684,-1
-0.044280464407407516,-1
-0.09330704411011093,-1
-0.0028268486358217215,-1
-0.04221213977603777,-1
-0.03977174222375979,-1
-0.12005927072745193,-1
-0.021649723692116707,-1
-0.07402935789473075,-1
-0.09452024157652728,-1
-0.05868335280186776,-1
-0.07796134842375846,-1
-0.04978472704889281,-1
-0.14237879753151106,-1
-0.0437409534018709,-1
-0.07471334862554213,-1
-0.1286375703349868,-1
-0.12334071991821283,-1
-0.09353106375507225,-1
-0.08492014928291225,-1
0.028029656716037465,1
-0.11858036277130823,-1
-0.08037505759045693,-1
-0.09470563235524898,-1
-0.084824179676107,-1
-0.06289239596583729,-1
-0.1354014350665499,-1
-0.06456311527550651,-1
-0.01897587798129652,-1
-0.06497097275537111,-1
-0.11409653000617248,-1
-0.1008166454586985,-1
-0.13368304553377197,-1
-0.1041167628197025,-1
-0.12901359865554496,-1
-0.0702738480446432,-1
-0.10470147289689602,-1
-0.02263930079870058,-1
-0.07848709112775176,-1
-0.012482214830710547,-1
-0.06393385153413667,-1
-0.0900077226768603,-1
-0.07086732726191525,-1
-0.08863589663121685,-1
0.021018415302750115,1
-0.0018443888689190224,-1
0.008560663547271252,1
-0.10537351172008769,-1
-0.07035522203079392,-1
-0.1408904284803455,-1
-0.09976760231932147,-1
-0.07892729251352415,-1
0.010760544275482842,1
-0.021311751733975037,-1
-0.09272046629136055,-1
-0.09864454848415605,-1
-0.06167895006834678,-1
-0.09324516574361574,-1
-0.008725038185291467,-1
-0.05185199038603472,-1
-0.010258934009456433,-1
-0.11304943092883857,-1
-0.027309243232157887,-1
-0.029458250117794238,-1
-0.07551810328701503,-1
-0.07075390603255216,-1
-0.10088289399535366,-1
-0.06034566512590733,-1
-0.10492441175751077,-1
-0.07301066654862598,-1
-0.1231333033952472,-1
-0.11087989313655211,-1
-0.11427028061961553,-1
-0.034939311185091526,-1
-0.10496932374320478,-1
-0.14891954197178392,-1
-0.09423721397796836,-1
-0.11368332895118383,-1
-0.0010344714223780027,-1
-0.08283196476182586,-1
-0.12633840708786215,-1
-0.098823038516059,-1
-0.1173354571444638,-1
-0.10220914903893541,-1
-0.04537499350560825,-1
-0.15013070494472458,-1
-0.11172542331238411,-1
-0.11007245258736553,-1
-0.11775488137237677,-1
-0.050268001821622055,-1
-0.015334575863572342,-1
-0.06565142380771427,-1
-0.11545761033452073,-1
-0.06027911697823629,-1
-0.02966970007055847,-1
-0.09529435766412264,-1
0.007197449106026821,1
-0.03816414368890908,-1
-0.07116526245871602,-1
-0.1014205241112669,-1
-0.1060760256336627,-1
-0.028192780239495452,-1
-0.07618628987293108,-1
-0.05247819158225853,-1
-0.10235735993081219,-1
-0.02382424539995598,-1
-0.10805698566839284,-1
-0.12772155946364938,-1
-0.06970092378238946,-1
-0.02850906110621587,-1
-0.03682608837478096,-1
-0.08275559696885626,-1
-0.015249562969027908,-1
-0.029486188819809356,-1
-0.15346200567763868,-1
-0.0077220601608423145,-1
-0.11978737298314346,-1
-0.0048125629535827885,-1
-0.10812601505828623,-1
-0.018625988505429958,-1
0.03829388547370549,1
-0.006875317580227414,-1
-0.14295178926057306,-1
-0.12099578109435039,-1
-0.07387537024231927,-1
